{"cameraMode":{"drawMode":0,"name":"Shaded","section":"Shading Mode"},"sceneLighting":true,"audioPlay":false,"sceneViewState":{"showFog":true,"showMaterialUpdate":false,"showSkybox":true,"showFlares":true,"showImageEffects":true,"showParticleSystems":true},"in2DMode":false,"pivot":{"x":5.6013922691345219,"y":18.90207290649414,"z":75.65597534179688},"rotation":{"x":-0.23041747510433198,"y":-0.5885986685752869,"z":-0.1799425482749939,"w":0.7537108659744263},"size":4.325257778167725,"orthographic":false}