{"cameraMode":{"drawMode":0,"name":"Shaded","section":"Shading Mode"},"sceneLighting":true,"audioPlay":false,"sceneViewState":{"showFog":true,"showMaterialUpdate":false,"showSkybox":true,"showFlares":true,"showImageEffects":true,"showParticleSystems":true},"in2DMode":false,"pivot":{"x":1.1876548528671265,"y":2.725130081176758,"z":-7.489387512207031},"rotation":{"x":-0.10578212141990662,"y":0.6253001093864441,"z":-0.08608487993478775,"w":-0.768374502658844},"size":16.751659393310548,"orthographic":false}