{"cameraMode":{"drawMode":0,"name":"Shaded","section":"Shading Mode"},"sceneLighting":false,"audioPlay":false,"sceneViewState":{"showFog":true,"showMaterialUpdate":false,"showSkybox":false,"showFlares":true,"showImageEffects":true,"showParticleSystems":true},"in2DMode":false,"pivot":{"x":3.2601587772369386,"y":1.7415467500686646,"z":-1.4169583320617676},"rotation":{"x":-0.025766616687178613,"y":-0.9742035269737244,"z":0.16223886609077454,"w":-0.15473227202892304},"size":17.502338409423829,"orthographic":false}