{"cameraMode":{"drawMode":0,"name":"Shaded","section":"Shading Mode"},"sceneLighting":true,"audioPlay":false,"sceneViewState":{"showFog":true,"showMaterialUpdate":false,"showSkybox":true,"showFlares":true,"showImageEffects":true,"showParticleSystems":true},"in2DMode":false,"pivot":{"x":2.712482213973999,"y":2.1202034950256349,"z":-11.026082992553711},"rotation":{"x":-0.24297350645065309,"y":-0.0465240478515625,"z":0.011669336818158627,"w":-0.9688463807106018},"size":15.864970207214356,"orthographic":false}