{"cameraMode":{"drawMode":0,"name":"Shaded","section":"Shading Mode"},"sceneLighting":true,"audioPlay":false,"sceneViewState":{"showFog":true,"showMaterialUpdate":true,"showSkybox":true,"showFlares":true,"showImageEffects":true,"showParticleSystems":true},"in2DMode":false,"pivot":{"x":-0.19093731045722962,"y":7.344161033630371,"z":-2.4778380393981935},"rotation":{"x":0.28507956862449648,"y":0.6426653265953064,"z":-0.28031930327415469,"w":0.6535534262657166},"size":22.0,"orthographic":false}